X..Pathway	test_data_Coverage
1CMET2-PWY: folate transformations III (E. coli)	0.0000000000
1CMET2-PWY: folate transformations III (E. coli)|unclassified	0
ANAEROFRUCAT-PWY: homolactic fermentation	0.0000000000
ANAEROFRUCAT-PWY: homolactic fermentation|g__Enterobacter.s__Enterobacter_cloacae_complex	0.0000936398
ANAGLYCOLYSIS-PWY: glycolysis III (from glucose)	0.2795200585
ANAGLYCOLYSIS-PWY: glycolysis III (from glucose)|g__Enterobacter.s__Enterobacter_cloacae_complex	0.0044989825
ANAGLYCOLYSIS-PWY: glycolysis III (from glucose)|g__Roseburia.s__Roseburia_intestinalis	0.0032929568
ARG+POLYAMINE-SYN: superpathway of arginine and polyamine biosynthesis	0.0000000000
ARG+POLYAMINE-SYN: superpathway of arginine and polyamine biosynthesis|g__Enterobacter.s__Enterobacter_cloacae_complex	0.0000000000
ARGININE-SYN4-PWY: L-ornithine biosynthesis II	0.0000000415
ARGININE-SYN4-PWY: L-ornithine biosynthesis II|g__Bacillus.s__Bacillus_subtilis_group	0.6945023477
ARGININE-SYN4-PWY: L-ornithine biosynthesis II|g__Enterobacter.s__Enterobacter_cloacae_complex	0.0000000000
ARGININE-SYN4-PWY: L-ornithine biosynthesis II|unclassified	0.0000000000
ARGSYN-PWY: L-arginine biosynthesis I (via L-ornithine)	0.9999981962
ARGSYN-PWY: L-arginine biosynthesis I (via L-ornithine)|g__Enterobacter.s__Enterobacter_cloacae_complex	0.0221954394
ARGSYN-PWY: L-arginine biosynthesis I (via L-ornithine)|g__Faecalibacterium.s__Faecalibacterium_prausnitzii	0.0000000000
ARGSYN-PWY: L-arginine biosynthesis I (via L-ornithine)|g__Roseburia.s__Roseburia_intestinalis	0.0027560778
ARGSYN-PWY: L-arginine biosynthesis I (via L-ornithine)|unclassified	0.0000000000
ARGSYNBSUB-PWY: L-arginine biosynthesis II (acetyl cycle)	0.9999988733
ARGSYNBSUB-PWY: L-arginine biosynthesis II (acetyl cycle)|g__Bacillus.s__Bacillus_subtilis_group	0.0000000000
ARGSYNBSUB-PWY: L-arginine biosynthesis II (acetyl cycle)|g__Enterobacter.s__Enterobacter_cloacae_complex	0.0117868130
ARGSYNBSUB-PWY: L-arginine biosynthesis II (acetyl cycle)|g__Faecalibacterium.s__Faecalibacterium_prausnitzii	0.0000000015
ARGSYNBSUB-PWY: L-arginine biosynthesis II (acetyl cycle)|g__Roseburia.s__Roseburia_intestinalis	0.2988672719
ARGSYNBSUB-PWY: L-arginine biosynthesis II (acetyl cycle)|unclassified	0.0000000000
ARO-PWY: chorismate biosynthesis I	0.9999999874
ARO-PWY: chorismate biosynthesis I|g__Enterobacter.s__Enterobacter_cloacae_complex	0.0000298565
ARO-PWY: chorismate biosynthesis I|g__Faecalibacterium.s__Faecalibacterium_prausnitzii	0.0000000000
ARO-PWY: chorismate biosynthesis I|g__Roseburia.s__Roseburia_intestinalis	0.9391721793
ARO-PWY: chorismate biosynthesis I|unclassified	0.0000000001
ASPASN-PWY: superpathway of L-aspartate and L-asparagine biosynthesis	0.1259500000
ASPASN-PWY: superpathway of L-aspartate and L-asparagine biosynthesis|g__Enterobacter.s__Enterobacter_cloacae_complex	0.3543180762
ASPASN-PWY: superpathway of L-aspartate and L-asparagine biosynthesis|unclassified	0.6009847113
AST-PWY: L-arginine degradation II (AST pathway)	0.0000000000
AST-PWY: L-arginine degradation II (AST pathway)|unclassified	0.0000000000
BIOTIN-BIOSYNTHESIS-PWY: biotin biosynthesis I	0.0000000000
BIOTIN-BIOSYNTHESIS-PWY: biotin biosynthesis I|g__Enterobacter.s__Enterobacter_cloacae_complex	0.0000000000
BRANCHED-CHAIN-AA-SYN-PWY: superpathway of branched chain amino acid biosynthesis	0.9998862165
BRANCHED-CHAIN-AA-SYN-PWY: superpathway of branched chain amino acid biosynthesis|g__Bacillus.s__Bacillus_subtilis_group	0.0000000040
BRANCHED-CHAIN-AA-SYN-PWY: superpathway of branched chain amino acid biosynthesis|g__Enterobacter.s__Enterobacter_cloacae_complex	0.0000091644
BRANCHED-CHAIN-AA-SYN-PWY: superpathway of branched chain amino acid biosynthesis|g__Roseburia.s__Roseburia_intestinalis	0.2980306774
BRANCHED-CHAIN-AA-SYN-PWY: superpathway of branched chain amino acid biosynthesis|unclassified	0.0000073013
CALVIN-PWY: Calvin-Benson-Bassham cycle	0.9999999995
CALVIN-PWY: Calvin-Benson-Bassham cycle|g__Enterobacter.s__Enterobacter_cloacae_complex	0.0960324381
CALVIN-PWY: Calvin-Benson-Bassham cycle|g__Roseburia.s__Roseburia_intestinalis	0.0150899947
CALVIN-PWY: Calvin-Benson-Bassham cycle|unclassified	0.1401215493
CATECHOL-ORTHO-CLEAVAGE-PWY: catechol degradation to &beta;-ketoadipate	0
CATECHOL-ORTHO-CLEAVAGE-PWY: catechol degradation to &beta;-ketoadipate|unclassified	0
CENTFERM-PWY: pyruvate fermentation to butanoate	0.0000000000
CITRULBIO-PWY: L-citrulline biosynthesis	0.0020928210
CITRULBIO-PWY: L-citrulline biosynthesis|g__Bacillus.s__Bacillus_subtilis_group	0.8160516104
CITRULBIO-PWY: L-citrulline biosynthesis|g__Enterobacter.s__Enterobacter_cloacae_complex	0.0000000000
CITRULBIO-PWY: L-citrulline biosynthesis|unclassified	0.0000120938
COA-PWY-1: superpathway of coenzyme A biosynthesis III (mammals)	0.9999340328
COA-PWY-1: superpathway of coenzyme A biosynthesis III (mammals)|g__Enterobacter.s__Enterobacter_cloacae_complex	0.0000000000
COA-PWY-1: superpathway of coenzyme A biosynthesis III (mammals)|g__Faecalibacterium.s__Faecalibacterium_prausnitzii	0.0633085053
COA-PWY-1: superpathway of coenzyme A biosynthesis III (mammals)|g__Roseburia.s__Roseburia_intestinalis	0.3972481038
COA-PWY: coenzyme A biosynthesis I (prokaryotic)	0.9999720731
COA-PWY: coenzyme A biosynthesis I (prokaryotic)|g__Bacillus.s__Bacillus_subtilis_group	0.0030173803
COA-PWY: coenzyme A biosynthesis I (prokaryotic)|g__Enterobacter.s__Enterobacter_cloacae_complex	0.0000007807
COA-PWY: coenzyme A biosynthesis I (prokaryotic)|g__Faecalibacterium.s__Faecalibacterium_prausnitzii	0.5591804366
COA-PWY: coenzyme A biosynthesis I (prokaryotic)|g__Roseburia.s__Roseburia_intestinalis	0.4026195548
COBALSYN-PWY: superpathway of adenosylcobalamin salvage from cobinamide I	0.0000000000
COLANSYN-PWY: colanic acid building blocks biosynthesis	0.0000000265
COLANSYN-PWY: colanic acid building blocks biosynthesis|g__Enterobacter.s__Enterobacter_cloacae_complex	0.0000000000
COLANSYN-PWY: colanic acid building blocks biosynthesis|g__Roseburia.s__Roseburia_intestinalis	0
COMPLETE-ARO-PWY: superpathway of aromatic amino acid biosynthesis	0.9987395669
COMPLETE-ARO-PWY: superpathway of aromatic amino acid biosynthesis|g__Roseburia.s__Roseburia_intestinalis	0.0000168353
DAPLYSINESYN-PWY: L-lysine biosynthesis I	0.0000000000
DAPLYSINESYN-PWY: L-lysine biosynthesis I|g__Enterobacter.s__Enterobacter_cloacae_complex	0.0000000000
DAPLYSINESYN-PWY: L-lysine biosynthesis I|unclassified	0.0000000000
DENOVOPURINE2-PWY: superpathway of purine nucleotides de novo biosynthesis II	0.0000000000
DENOVOPURINE2-PWY: superpathway of purine nucleotides de novo biosynthesis II|g__Enterobacter.s__Enterobacter_cloacae_complex	0.0000000000
DTDPRHAMSYN-PWY: dTDP-&beta;-L-rhamnose biosynthesis	0.0007062817
DTDPRHAMSYN-PWY: dTDP-&beta;-L-rhamnose biosynthesis|g__Faecalibacterium.s__Faecalibacterium_prausnitzii	0.0000446723
DTDPRHAMSYN-PWY: dTDP-&beta;-L-rhamnose biosynthesis|g__Roseburia.s__Roseburia_intestinalis	0.8742110897
DTDPRHAMSYN-PWY: dTDP-&beta;-L-rhamnose biosynthesis|unclassified	0.3698741269
ECASYN-PWY: enterobacterial common antigen biosynthesis	0.0000000000
FAO-PWY: fatty acid &beta;-oxidation I (generic)	0.0000000000
FAO-PWY: fatty acid &beta;-oxidation I (generic)|g__Enterobacter.s__Enterobacter_cloacae_complex	0.7873025360
FAO-PWY: fatty acid &beta;-oxidation I (generic)|unclassified	0.0000000172
FASYN-ELONG-PWY: fatty acid elongation -- saturated	0.0000000001
FASYN-ELONG-PWY: fatty acid elongation -- saturated|g__Enterobacter.s__Enterobacter_cloacae_complex	0.7304417395
FASYN-ELONG-PWY: fatty acid elongation -- saturated|unclassified	0.8105972754
FERMENTATION-PWY: mixed acid fermentation	0.0984370278
FERMENTATION-PWY: mixed acid fermentation|g__Enterobacter.s__Enterobacter_cloacae_complex	0.0039048567
FERMENTATION-PWY: mixed acid fermentation|unclassified	0.0006143092
FOLSYN-PWY: superpathway of tetrahydrofolate biosynthesis and salvage	0.0000000000
GALACT-GLUCUROCAT-PWY: superpathway of hexuronide and hexuronate degradation	0.0000000000
GALACTARDEG-PWY: D-galactarate degradation I	0.0000000000
GALACTARDEG-PWY: D-galactarate degradation I|g__Enterobacter.s__Enterobacter_cloacae_complex	0
GALACTARDEG-PWY: D-galactarate degradation I|unclassified	0.0000000000
GALACTUROCAT-PWY: D-galacturonate degradation I	0.0000000000
GALACTUROCAT-PWY: D-galacturonate degradation I|g__Bacillus.s__Bacillus_subtilis_group	0.2840628104
GLCMANNANAUT-PWY: superpathway of N-acetylglucosamine, N-acetylmannosamine and N-acetylneuraminate degradation	0.0000000000
GLCMANNANAUT-PWY: superpathway of N-acetylglucosamine, N-acetylmannosamine and N-acetylneuraminate degradation|g__Faecalibacterium.s__Faecalibacterium_prausnitzii	0.0000000109
GLCMANNANAUT-PWY: superpathway of N-acetylglucosamine, N-acetylmannosamine and N-acetylneuraminate degradation|unclassified	0.0000171584
GLUCARDEG-PWY: D-glucarate degradation I	0.0000000000
GLUCARDEG-PWY: D-glucarate degradation I|g__Enterobacter.s__Enterobacter_cloacae_complex	0
GLUCARDEG-PWY: D-glucarate degradation I|unclassified	0.0000000000
GLUCARGALACTSUPER-PWY: superpathway of D-glucarate and D-galactarate degradation	0.0000000000
GLUCARGALACTSUPER-PWY: superpathway of D-glucarate and D-galactarate degradation|g__Enterobacter.s__Enterobacter_cloacae_complex	0
GLUCARGALACTSUPER-PWY: superpathway of D-glucarate and D-galactarate degradation|unclassified	0.0000000000
GLUCONEO-PWY: gluconeogenesis I	0.0417436396
GLUCONEO-PWY: gluconeogenesis I|g__Enterobacter.s__Enterobacter_cloacae_complex	0.0735425701
GLUCOSE1PMETAB-PWY: glucose and glucose-1-phosphate degradation	0.9999999982
GLUCOSE1PMETAB-PWY: glucose and glucose-1-phosphate degradation|g__Enterobacter.s__Enterobacter_cloacae_complex	0.0198191946
GLUCOSE1PMETAB-PWY: glucose and glucose-1-phosphate degradation|unclassified	0.0000000000
GLUCUROCAT-PWY: superpathway of &beta;-D-glucuronosides degradation	0.0000000000
GLUTORN-PWY: L-ornithine biosynthesis I	0.9999924070
GLUTORN-PWY: L-ornithine biosynthesis I|g__Bacillus.s__Bacillus_subtilis_group	0.0497302854
GLUTORN-PWY: L-ornithine biosynthesis I|g__Enterobacter.s__Enterobacter_cloacae_complex	0.2258839889
GLUTORN-PWY: L-ornithine biosynthesis I|g__Faecalibacterium.s__Faecalibacterium_prausnitzii	0.0000000000
GLUTORN-PWY: L-ornithine biosynthesis I|g__Roseburia.s__Roseburia_intestinalis	0.2182195260
GLUTORN-PWY: L-ornithine biosynthesis I|unclassified	0.0000000000
GLYCOCAT-PWY: glycogen degradation I	0.0000000000
GLYCOCAT-PWY: glycogen degradation I|g__Enterobacter.s__Enterobacter_cloacae_complex	0.0000000000
GLYCOGENSYNTH-PWY: glycogen biosynthesis I (from ADP-D-Glucose)	1.0000000000
GLYCOGENSYNTH-PWY: glycogen biosynthesis I (from ADP-D-Glucose)|g__Bacillus.s__Bacillus_subtilis_group	0.0454917529
GLYCOGENSYNTH-PWY: glycogen biosynthesis I (from ADP-D-Glucose)|g__Enterobacter.s__Enterobacter_cloacae_complex	0.0352023877
GLYCOGENSYNTH-PWY: glycogen biosynthesis I (from ADP-D-Glucose)|g__Faecalibacterium.s__Faecalibacterium_prausnitzii	0.1134742963
GLYCOGENSYNTH-PWY: glycogen biosynthesis I (from ADP-D-Glucose)|g__Roseburia.s__Roseburia_intestinalis	0.9999999998
GLYCOGENSYNTH-PWY: glycogen biosynthesis I (from ADP-D-Glucose)|unclassified	0.0000000457
GLYCOL-GLYOXDEG-PWY: superpathway of glycol metabolism and degradation	0.0000000000
GLYCOL-GLYOXDEG-PWY: superpathway of glycol metabolism and degradation|unclassified	0.0000000000
GLYCOLYSIS-E-D: superpathway of glycolysis and the Entner-Doudoroff pathway	0.0000000000
GLYCOLYSIS-E-D: superpathway of glycolysis and the Entner-Doudoroff pathway|g__Enterobacter.s__Enterobacter_cloacae_complex	0.0000367605
GLYCOLYSIS-TCA-GLYOX-BYPASS: superpathway of glycolysis, pyruvate dehydrogenase, TCA, and glyoxylate bypass	0.0000000000
GLYCOLYSIS-TCA-GLYOX-BYPASS: superpathway of glycolysis, pyruvate dehydrogenase, TCA, and glyoxylate bypass|g__Enterobacter.s__Enterobacter_cloacae_complex	0.0000000000
GLYCOLYSIS: glycolysis I (from glucose 6-phosphate)	0.0000000000
GLYCOLYSIS: glycolysis I (from glucose 6-phosphate)|g__Enterobacter.s__Enterobacter_cloacae_complex	0.0055492921
GLYOXYLATE-BYPASS: glyoxylate cycle	0.0000000000
GLYOXYLATE-BYPASS: glyoxylate cycle|g__Enterobacter.s__Enterobacter_cloacae_complex	0.0007607276
GLYOXYLATE-BYPASS: glyoxylate cycle|unclassified	0.0000134208
HEME-BIOSYNTHESIS-II-1: heme b biosynthesis V (aerobic)	0.0000000000
HEME-BIOSYNTHESIS-II-1: heme b biosynthesis V (aerobic)|g__Bacillus.s__Bacillus_subtilis_group	0.3372365038
HEME-BIOSYNTHESIS-II-1: heme b biosynthesis V (aerobic)|g__Enterobacter.s__Enterobacter_cloacae_complex	0.0000005859
HEME-BIOSYNTHESIS-II: heme b biosynthesis I (aerobic)	0.0000000000
HEME-BIOSYNTHESIS-II: heme b biosynthesis I (aerobic)|g__Bacillus.s__Bacillus_subtilis_group	0.3372365038
HEME-BIOSYNTHESIS-II: heme b biosynthesis I (aerobic)|g__Enterobacter.s__Enterobacter_cloacae_complex	0.0000005859
HEME-BIOSYNTHESIS-II: heme b biosynthesis I (aerobic)|unclassified	0.0000000000
HEMESYN2-PWY: heme b biosynthesis II (oxygen-independent)	0.0000000000
HEMESYN2-PWY: heme b biosynthesis II (oxygen-independent)|g__Enterobacter.s__Enterobacter_cloacae_complex	0.0000095960
HISDEG-PWY: L-histidine degradation I	0.0000000000
HISDEG-PWY: L-histidine degradation I|g__Bacillus.s__Bacillus_subtilis_group	0.2073634929
HISDEG-PWY: L-histidine degradation I|g__Enterobacter.s__Enterobacter_cloacae_complex	0.0000000000
HISDEG-PWY: L-histidine degradation I|unclassified	0.0002530483
HISTSYN-PWY: L-histidine biosynthesis	0.9135653001
HISTSYN-PWY: L-histidine biosynthesis|g__Bacillus.s__Bacillus_subtilis_group	0.0097277642
HISTSYN-PWY: L-histidine biosynthesis|g__Enterobacter.s__Enterobacter_cloacae_complex	0.0000000238
HISTSYN-PWY: L-histidine biosynthesis|g__Faecalibacterium.s__Faecalibacterium_prausnitzii	0
HISTSYN-PWY: L-histidine biosynthesis|g__Roseburia.s__Roseburia_intestinalis	0.0001140942
HISTSYN-PWY: L-histidine biosynthesis|unclassified	0.0000000000
HOMOSER-METSYN-PWY: L-methionine biosynthesis I	0.0000000000
HOMOSER-METSYN-PWY: L-methionine biosynthesis I|g__Enterobacter.s__Enterobacter_cloacae_complex	0.0000000000
HOMOSER-METSYN-PWY: L-methionine biosynthesis I|unclassified	0.8039311740
HSERMETANA-PWY: L-methionine biosynthesis III	0.0004883858
HSERMETANA-PWY: L-methionine biosynthesis III|g__Roseburia.s__Roseburia_intestinalis	0.1214162356
HSERMETANA-PWY: L-methionine biosynthesis III|unclassified	0.5918837097
ILEUSYN-PWY: L-isoleucine biosynthesis I (from threonine)	0.9999369465
ILEUSYN-PWY: L-isoleucine biosynthesis I (from threonine)|g__Bacillus.s__Bacillus_subtilis_group	0.2227326185
ILEUSYN-PWY: L-isoleucine biosynthesis I (from threonine)|g__Enterobacter.s__Enterobacter_cloacae_complex	0.9918075067
ILEUSYN-PWY: L-isoleucine biosynthesis I (from threonine)|g__Roseburia.s__Roseburia_intestinalis	0.5576936548
ILEUSYN-PWY: L-isoleucine biosynthesis I (from threonine)|unclassified	0.0000048744
KETOGLUCONMET-PWY: ketogluconate metabolism	0.0000000000
KETOGLUCONMET-PWY: ketogluconate metabolism|g__Enterobacter.s__Enterobacter_cloacae_complex	0.0000000000
KETOGLUCONMET-PWY: ketogluconate metabolism|unclassified	0.0110817346
MET-SAM-PWY: superpathway of S-adenosyl-L-methionine biosynthesis	0.0000000000
MET-SAM-PWY: superpathway of S-adenosyl-L-methionine biosynthesis|g__Enterobacter.s__Enterobacter_cloacae_complex	0.0000000000
MET-SAM-PWY: superpathway of S-adenosyl-L-methionine biosynthesis|unclassified	0.8913017047
METHGLYUT-PWY: superpathway of methylglyoxal degradation	0.0000000000
METHGLYUT-PWY: superpathway of methylglyoxal degradation|g__Enterobacter.s__Enterobacter_cloacae_complex	0
METHGLYUT-PWY: superpathway of methylglyoxal degradation|unclassified	0
METSYN-PWY: superpathway of L-homoserine and L-methionine biosynthesis	0.0000000000
METSYN-PWY: superpathway of L-homoserine and L-methionine biosynthesis|g__Enterobacter.s__Enterobacter_cloacae_complex	0.0000000000
METSYN-PWY: superpathway of L-homoserine and L-methionine biosynthesis|unclassified	0.8776823824
NAD-BIOSYNTHESIS-II: NAD salvage pathway III (to nicotinamide riboside)	0.0000000000
NAD-BIOSYNTHESIS-II: NAD salvage pathway III (to nicotinamide riboside)|g__Enterobacter.s__Enterobacter_cloacae_complex	0.0000000000
NAGLIPASYN-PWY: lipid IVA biosynthesis (E. coli)	0.0000000000
NAGLIPASYN-PWY: lipid IVA biosynthesis (E. coli)|g__Enterobacter.s__Enterobacter_cloacae_complex	0.0034421758
NONMEVIPP-PWY: methylerythritol phosphate pathway I	0.0000000000
NONMEVIPP-PWY: methylerythritol phosphate pathway I|g__Enterobacter.s__Enterobacter_cloacae_complex	0.0000000000
NONMEVIPP-PWY: methylerythritol phosphate pathway I|g__Roseburia.s__Roseburia_intestinalis	0.0049161460
NONOXIPENT-PWY: pentose phosphate pathway (non-oxidative branch) I	0.7595750193
NONOXIPENT-PWY: pentose phosphate pathway (non-oxidative branch) I|g__Enterobacter.s__Enterobacter_cloacae_complex	0.8625573361
NONOXIPENT-PWY: pentose phosphate pathway (non-oxidative branch) I|g__Roseburia.s__Roseburia_intestinalis	0.0000000000
NONOXIPENT-PWY: pentose phosphate pathway (non-oxidative branch) I|unclassified	0.0173956171
OANTIGEN-PWY: O-antigen building blocks biosynthesis (E. coli)	0.0000000000
OANTIGEN-PWY: O-antigen building blocks biosynthesis (E. coli)|unclassified	0.0000000003
ORNDEG-PWY: superpathway of ornithine degradation	0.0000000000
ORNDEG-PWY: superpathway of ornithine degradation|g__Enterobacter.s__Enterobacter_cloacae_complex	0.0000000136
ORNDEG-PWY: superpathway of ornithine degradation|unclassified	0.0000014565
P105-PWY: TCA cycle IV (2-oxoglutarate decarboxylase)	0.0000000000
P122-PWY: heterolactic fermentation	0.0000000000
P125-PWY: superpathway of (R,R)-butanediol biosynthesis	0.0000000000
P125-PWY: superpathway of (R,R)-butanediol biosynthesis|unclassified	0.0000000000
P161-PWY: acetylene degradation (anaerobic)	0.0000000000
P161-PWY: acetylene degradation (anaerobic)|g__Enterobacter.s__Enterobacter_cloacae_complex	0.0013712824
P185-PWY: formaldehyde assimilation III (dihydroxyacetone cycle)	0.0000000000
P185-PWY: formaldehyde assimilation III (dihydroxyacetone cycle)|g__Enterobacter.s__Enterobacter_cloacae_complex	0.0000000000
P4-PWY: superpathway of L-lysine, L-threonine and L-methionine biosynthesis I	0.0000000000
P41-PWY: pyruvate fermentation to acetate and (S)-lactate I	0.0000000760
P41-PWY: pyruvate fermentation to acetate and (S)-lactate I|g__Bacillus.s__Bacillus_subtilis_group	0.0086973247
P41-PWY: pyruvate fermentation to acetate and (S)-lactate I|g__Enterobacter.s__Enterobacter_cloacae_complex	0.0000000000
P41-PWY: pyruvate fermentation to acetate and (S)-lactate I|g__Roseburia.s__Roseburia_intestinalis	0.0000000000
P41-PWY: pyruvate fermentation to acetate and (S)-lactate I|unclassified	0.0000000000
P42-PWY: incomplete reductive TCA cycle	0.0000000000
P441-PWY: superpathway of N-acetylneuraminate degradation	0.0000000000
P461-PWY: hexitol fermentation to lactate, formate, ethanol and acetate	0.0000000000
P461-PWY: hexitol fermentation to lactate, formate, ethanol and acetate|g__Enterobacter.s__Enterobacter_cloacae_complex	0.1101285214
P461-PWY: hexitol fermentation to lactate, formate, ethanol and acetate|unclassified	0
P562-PWY: myo-inositol degradation I	0.0000000000
PANTO-PWY: phosphopantothenate biosynthesis I	0.2428453211
PANTO-PWY: phosphopantothenate biosynthesis I|g__Bacillus.s__Bacillus_subtilis_group	0.1656859565
PANTO-PWY: phosphopantothenate biosynthesis I|g__Enterobacter.s__Enterobacter_cloacae_complex	0.0197574447
PANTO-PWY: phosphopantothenate biosynthesis I|g__Roseburia.s__Roseburia_intestinalis	0.2080424564
PANTO-PWY: phosphopantothenate biosynthesis I|unclassified	0.0000000000
PANTOSYN-PWY: superpathway of coenzyme A biosynthesis I (bacteria)	0.4191586642
PANTOSYN-PWY: superpathway of coenzyme A biosynthesis I (bacteria)|g__Bacillus.s__Bacillus_subtilis_group	0.0035275747
PANTOSYN-PWY: superpathway of coenzyme A biosynthesis I (bacteria)|g__Enterobacter.s__Enterobacter_cloacae_complex	0.0000000000
PANTOSYN-PWY: superpathway of coenzyme A biosynthesis I (bacteria)|g__Roseburia.s__Roseburia_intestinalis	0.2950762333
PENTOSE-P-PWY: pentose phosphate pathway	0.0000000016
PENTOSE-P-PWY: pentose phosphate pathway|g__Enterobacter.s__Enterobacter_cloacae_complex	0.0757159982
PEPTIDOGLYCANSYN-PWY: peptidoglycan biosynthesis I (meso-diaminopimelate containing)	0.9953228926
PEPTIDOGLYCANSYN-PWY: peptidoglycan biosynthesis I (meso-diaminopimelate containing)|g__Enterobacter.s__Enterobacter_cloacae_complex	0.0000000001
PEPTIDOGLYCANSYN-PWY: peptidoglycan biosynthesis I (meso-diaminopimelate containing)|g__Roseburia.s__Roseburia_intestinalis	0.0000000002
PEPTIDOGLYCANSYN-PWY: peptidoglycan biosynthesis I (meso-diaminopimelate containing)|unclassified	0.0047818923
PHOSLIPSYN-PWY: superpathway of phospholipid biosynthesis I (bacteria)	0.0000000000
PHOSLIPSYN-PWY: superpathway of phospholipid biosynthesis I (bacteria)|g__Enterobacter.s__Enterobacter_cloacae_complex	0.0000000702
PHOSLIPSYN-PWY: superpathway of phospholipid biosynthesis I (bacteria)|unclassified	0.0000000000
POLYAMINSYN3-PWY: superpathway of polyamine biosynthesis II	0.0000000000
POLYAMSYN-PWY: superpathway of polyamine biosynthesis I	0.0000000005
POLYAMSYN-PWY: superpathway of polyamine biosynthesis I|g__Enterobacter.s__Enterobacter_cloacae_complex	0.0000000000
POLYAMSYN-PWY: superpathway of polyamine biosynthesis I|unclassified	0.0000022587
POLYISOPRENSYN-PWY: polyisoprenoid biosynthesis (E. coli)	0.0000000000
POLYISOPRENSYN-PWY: polyisoprenoid biosynthesis (E. coli)|g__Enterobacter.s__Enterobacter_cloacae_complex	0
PPGPPMET-PWY: ppGpp metabolism	0.0000000000
PPGPPMET-PWY: ppGpp metabolism|g__Enterobacter.s__Enterobacter_cloacae_complex	0.0098943961
PRPP-PWY: superpathway of histidine, purine, and pyrimidine biosynthesis	0.0000000000
PRPP-PWY: superpathway of histidine, purine, and pyrimidine biosynthesis|g__Enterobacter.s__Enterobacter_cloacae_complex	0
PWY-1042: glycolysis IV	0.9794523910
PWY-1042: glycolysis IV|g__Bacillus.s__Bacillus_subtilis_group	0.0401326758
PWY-1042: glycolysis IV|g__Enterobacter.s__Enterobacter_cloacae_complex	0.0000475893
PWY-1042: glycolysis IV|g__Faecalibacterium.s__Faecalibacterium_prausnitzii	0.0000059551
PWY-1042: glycolysis IV|g__Roseburia.s__Roseburia_intestinalis	0.0039269247
PWY-1042: glycolysis IV|unclassified	0.1038574397
PWY-1269: CMP-3-deoxy-D-manno-octulosonate biosynthesis	0.0000000000
PWY-1269: CMP-3-deoxy-D-manno-octulosonate biosynthesis|g__Enterobacter.s__Enterobacter_cloacae_complex	0.9149367487
PWY-1861: formaldehyde assimilation II (assimilatory RuMP Cycle)	0.0000000000
PWY-241: C4 photosynthetic carbon assimilation cycle, NADP-ME type	0.0000000000
PWY-2941: L-lysine biosynthesis II	0.0000000000
PWY-2941: L-lysine biosynthesis II|unclassified	0.0000452914
PWY-3001: superpathway of L-isoleucine biosynthesis I	0.0000609447
PWY-3001: superpathway of L-isoleucine biosynthesis I|g__Enterobacter.s__Enterobacter_cloacae_complex	0.3928140692
PWY-3781: aerobic respiration I (cytochrome c)	0.0000000000
PWY-3841: folate transformations II (plants)	0.0000000000
PWY-3841: folate transformations II (plants)|g__Bacillus.s__Bacillus_subtilis_group	0.0000000000
PWY-3841: folate transformations II (plants)|g__Enterobacter.s__Enterobacter_cloacae_complex	0.0000000000
PWY-3841: folate transformations II (plants)|g__Roseburia.s__Roseburia_intestinalis	0.0025391819
PWY-3841: folate transformations II (plants)|unclassified	0.0000000000
PWY-4041: &gamma;-glutamyl cycle	0.0000000000
PWY-4041: &gamma;-glutamyl cycle|g__Enterobacter.s__Enterobacter_cloacae_complex	0.0000000002
PWY-4041: &gamma;-glutamyl cycle|unclassified	0
PWY-4361: S-methyl-5-thio-&alpha;-D-ribose 1-phosphate degradation I	0.0000000000
PWY-4984: urea cycle	0.0017446261
PWY-4984: urea cycle|unclassified	0.0000000000
PWY-5005: biotin biosynthesis II	0.0000000000
PWY-5005: biotin biosynthesis II|g__Bacillus.s__Bacillus_subtilis_group	0.1215861116
PWY-5030: L-histidine degradation III	0.0000000000
PWY-5097: L-lysine biosynthesis VI	0.9352860652
PWY-5097: L-lysine biosynthesis VI|g__Roseburia.s__Roseburia_intestinalis	0.0070619962
PWY-5097: L-lysine biosynthesis VI|unclassified	0.9775321386
PWY-5100: pyruvate fermentation to acetate and lactate II	0.0000002203
PWY-5100: pyruvate fermentation to acetate and lactate II|g__Roseburia.s__Roseburia_intestinalis	0.2006845190
PWY-5100: pyruvate fermentation to acetate and lactate II|unclassified	0.0000000000
PWY-5103: L-isoleucine biosynthesis III	0.9998991182
PWY-5103: L-isoleucine biosynthesis III|g__Bacillus.s__Bacillus_subtilis_group	0.1198974267
PWY-5103: L-isoleucine biosynthesis III|g__Enterobacter.s__Enterobacter_cloacae_complex	0.9870636262
PWY-5103: L-isoleucine biosynthesis III|g__Roseburia.s__Roseburia_intestinalis	0.4766968930
PWY-5103: L-isoleucine biosynthesis III|unclassified	0.0000030675
PWY-5136: fatty acid &beta;-oxidation II (plant peroxisome)	0.9861464406
PWY-5136: fatty acid &beta;-oxidation II (plant peroxisome)|g__Enterobacter.s__Enterobacter_cloacae_complex	0.7977706102
PWY-5136: fatty acid &beta;-oxidation II (plant peroxisome)|unclassified	0.3881789604
PWY-5138: fatty acid &beta;-oxidation IV (unsaturated, even number)	0.0000000000
PWY-5138: fatty acid &beta;-oxidation IV (unsaturated, even number)|g__Enterobacter.s__Enterobacter_cloacae_complex	0.0028581105
PWY-5154: L-arginine biosynthesis III (via N-acetyl-L-citrulline)	0.0000000000
PWY-5154: L-arginine biosynthesis III (via N-acetyl-L-citrulline)|g__Enterobacter.s__Enterobacter_cloacae_complex	0.0115842735
PWY-5188: tetrapyrrole biosynthesis I (from glutamate)	0.0000000000
PWY-5188: tetrapyrrole biosynthesis I (from glutamate)|g__Enterobacter.s__Enterobacter_cloacae_complex	0.0000000066
PWY-5189: tetrapyrrole biosynthesis II (from glycine)	0.0000000000
PWY-5189: tetrapyrrole biosynthesis II (from glycine)|g__Bacillus.s__Bacillus_subtilis_group	0.2726470529
PWY-5189: tetrapyrrole biosynthesis II (from glycine)|g__Enterobacter.s__Enterobacter_cloacae_complex	0.0000000013
PWY-5345: superpathway of L-methionine biosynthesis (by sulfhydrylation)	0.0017883512
PWY-5345: superpathway of L-methionine biosynthesis (by sulfhydrylation)|unclassified	0.0000000000
PWY-5347: superpathway of L-methionine biosynthesis (transsulfuration)	0.0000000000
PWY-5347: superpathway of L-methionine biosynthesis (transsulfuration)|g__Enterobacter.s__Enterobacter_cloacae_complex	0.0000000000
PWY-5347: superpathway of L-methionine biosynthesis (transsulfuration)|unclassified	0.8913100733
PWY-5384: sucrose degradation IV (sucrose phosphorylase)	0.0000057218
PWY-5384: sucrose degradation IV (sucrose phosphorylase)|g__Bacillus.s__Bacillus_subtilis_group	0.0464116736
PWY-5384: sucrose degradation IV (sucrose phosphorylase)|g__Enterobacter.s__Enterobacter_cloacae_complex	0.0000000039
PWY-5384: sucrose degradation IV (sucrose phosphorylase)|unclassified	0.0000000000
PWY-5419: catechol degradation to 2-hydroxypentadienoate II	0.0000000000
PWY-5484: glycolysis II (from fructose 6-phosphate)	0.0000000000
PWY-5484: glycolysis II (from fructose 6-phosphate)|g__Enterobacter.s__Enterobacter_cloacae_complex	0.0028786991
PWY-5497: purine nucleobases degradation II (anaerobic)	0.0000000000
PWY-5497: purine nucleobases degradation II (anaerobic)|g__Roseburia.s__Roseburia_intestinalis	0.0000000000
PWY-5497: purine nucleobases degradation II (anaerobic)|unclassified	0
PWY-5505: L-glutamate and L-glutamine biosynthesis	0.0000000000
PWY-561: superpathway of glyoxylate cycle and fatty acid degradation	0.0000000000
PWY-561: superpathway of glyoxylate cycle and fatty acid degradation|g__Enterobacter.s__Enterobacter_cloacae_complex	0.0000225532
PWY-5659: GDP-mannose biosynthesis	0.6036790984
PWY-5659: GDP-mannose biosynthesis|g__Enterobacter.s__Enterobacter_cloacae_complex	0.1374182966
PWY-5659: GDP-mannose biosynthesis|g__Roseburia.s__Roseburia_intestinalis	0.0189838250
PWY-5659: GDP-mannose biosynthesis|unclassified	0.0000000000
PWY-5667: CDP-diacylglycerol biosynthesis I	0.9382021598
PWY-5667: CDP-diacylglycerol biosynthesis I|g__Enterobacter.s__Enterobacter_cloacae_complex	0.0134046976
PWY-5667: CDP-diacylglycerol biosynthesis I|g__Roseburia.s__Roseburia_intestinalis	0.0000000000
PWY-5667: CDP-diacylglycerol biosynthesis I|unclassified	0.5526214505
PWY-5675: nitrate reduction V (assimilatory)	0.0000000821
PWY-5675: nitrate reduction V (assimilatory)|g__Enterobacter.s__Enterobacter_cloacae_complex	0.5432202264
PWY-5675: nitrate reduction V (assimilatory)|unclassified	0.0000000000
PWY-5686: UMP biosynthesis I	0.5091283428
PWY-5686: UMP biosynthesis I|g__Enterobacter.s__Enterobacter_cloacae_complex	0.0016002748
PWY-5686: UMP biosynthesis I|g__Roseburia.s__Roseburia_intestinalis	0.0000146201
PWY-5686: UMP biosynthesis I|unclassified	0
PWY-5690: TCA cycle II (plants and fungi)	0.0000000000
PWY-5695: inosine 5'-phosphate degradation	0.9999575514
PWY-5695: inosine 5'-phosphate degradation|g__Bacillus.s__Bacillus_subtilis_group	0.1251102493
PWY-5695: inosine 5'-phosphate degradation|g__Enterobacter.s__Enterobacter_cloacae_complex	0.8489657273
PWY-5695: inosine 5'-phosphate degradation|g__Roseburia.s__Roseburia_intestinalis	0.2468814207
PWY-5695: inosine 5'-phosphate degradation|unclassified	0.6506546311
PWY-5723: Rubisco shunt	0.0000000000
PWY-5723: Rubisco shunt|g__Enterobacter.s__Enterobacter_cloacae_complex	0.0216415148
PWY-5837: 2-carboxy-1,4-naphthoquinol biosynthesis	0.0000000000
PWY-5837: 2-carboxy-1,4-naphthoquinol biosynthesis|g__Bacillus.s__Bacillus_subtilis_group	0.1179306870
PWY-5837: 2-carboxy-1,4-naphthoquinol biosynthesis|g__Enterobacter.s__Enterobacter_cloacae_complex	0.0000000000
PWY-5837: 2-carboxy-1,4-naphthoquinol biosynthesis|unclassified	0.0000000000
PWY-5838: superpathway of menaquinol-8 biosynthesis I	0.0000000000
PWY-5838: superpathway of menaquinol-8 biosynthesis I|g__Enterobacter.s__Enterobacter_cloacae_complex	0.0000000000
PWY-5840: superpathway of menaquinol-7 biosynthesis	0.0000000000
PWY-5845: superpathway of menaquinol-9 biosynthesis	0.0000000000
PWY-5850: superpathway of menaquinol-6 biosynthesis	0.0000000000
PWY-5855: ubiquinol-7 biosynthesis (early decarboxylation)	0.0000000000
PWY-5855: ubiquinol-7 biosynthesis (early decarboxylation)|g__Enterobacter.s__Enterobacter_cloacae_complex	0.1883104096
PWY-5860: superpathway of demethylmenaquinol-6 biosynthesis I	0.0000000000
PWY-5861: superpathway of demethylmenaquinol-8 biosynthesis I	0.0000000000
PWY-5861: superpathway of demethylmenaquinol-8 biosynthesis I|g__Enterobacter.s__Enterobacter_cloacae_complex	0.0000000000
PWY-5862: superpathway of demethylmenaquinol-9 biosynthesis	0.0000000000
PWY-5896: superpathway of menaquinol-10 biosynthesis	0.0000000000
PWY-5897: superpathway of menaquinol-11 biosynthesis	0.0000000000
PWY-5897: superpathway of menaquinol-11 biosynthesis|g__Enterobacter.s__Enterobacter_cloacae_complex	0.0000000000
PWY-5898: superpathway of menaquinol-12 biosynthesis	0.0000000000
PWY-5898: superpathway of menaquinol-12 biosynthesis|g__Enterobacter.s__Enterobacter_cloacae_complex	0.0000000000
PWY-5899: superpathway of menaquinol-13 biosynthesis	0.0000000000
PWY-5899: superpathway of menaquinol-13 biosynthesis|g__Enterobacter.s__Enterobacter_cloacae_complex	0.0000000000
PWY-5913: partial TCA cycle (obligate autotrophs)	0.0000000000
PWY-5913: partial TCA cycle (obligate autotrophs)|g__Enterobacter.s__Enterobacter_cloacae_complex	0.0361450938
PWY-5913: partial TCA cycle (obligate autotrophs)|unclassified	0.0000000017
PWY-5918: superpathway of heme b biosynthesis from glutamate	0.0000000000
PWY-5918: superpathway of heme b biosynthesis from glutamate|g__Enterobacter.s__Enterobacter_cloacae_complex	0.0000000029
PWY-5920: superpathway of heme b biosynthesis from glycine	0.0000000000
PWY-5920: superpathway of heme b biosynthesis from glycine|g__Bacillus.s__Bacillus_subtilis_group	0.2939651776
PWY-5920: superpathway of heme b biosynthesis from glycine|g__Enterobacter.s__Enterobacter_cloacae_complex	0.0000000004
PWY-5941: glycogen degradation II	0.9999999997
PWY-5941: glycogen degradation II|g__Enterobacter.s__Enterobacter_cloacae_complex	0.1035963666
PWY-5941: glycogen degradation II|g__Faecalibacterium.s__Faecalibacterium_prausnitzii	0.2774339115
PWY-5941: glycogen degradation II|g__Roseburia.s__Roseburia_intestinalis	0.9999999987
PWY-5941: glycogen degradation II|unclassified	0.0000000000
PWY-5973: cis-vaccenate biosynthesis	0.0000000001
PWY-5973: cis-vaccenate biosynthesis|g__Enterobacter.s__Enterobacter_cloacae_complex	0.6046487347
PWY-5973: cis-vaccenate biosynthesis|unclassified	0.7281408248
PWY-5981: CDP-diacylglycerol biosynthesis III	0.0000000000
PWY-5981: CDP-diacylglycerol biosynthesis III|g__Bacillus.s__Bacillus_subtilis_group	0.0391816144
PWY-5981: CDP-diacylglycerol biosynthesis III|g__Enterobacter.s__Enterobacter_cloacae_complex	0.0000000000
PWY-5989: stearate biosynthesis II (bacteria and plants)	0.0000000001
PWY-5989: stearate biosynthesis II (bacteria and plants)|g__Enterobacter.s__Enterobacter_cloacae_complex	0.0855746293
PWY-5989: stearate biosynthesis II (bacteria and plants)|unclassified	0.0011140149
PWY-6121: 5-aminoimidazole ribonucleotide biosynthesis I	0.9999999769
PWY-6121: 5-aminoimidazole ribonucleotide biosynthesis I|g__Bacillus.s__Bacillus_subtilis_group	0.7861638358
PWY-6121: 5-aminoimidazole ribonucleotide biosynthesis I|g__Enterobacter.s__Enterobacter_cloacae_complex	0.0003329123
PWY-6121: 5-aminoimidazole ribonucleotide biosynthesis I|g__Faecalibacterium.s__Faecalibacterium_prausnitzii	0.6959245745
PWY-6121: 5-aminoimidazole ribonucleotide biosynthesis I|g__Roseburia.s__Roseburia_intestinalis	0.3194076080
PWY-6121: 5-aminoimidazole ribonucleotide biosynthesis I|unclassified	0.6385352889
PWY-6122: 5-aminoimidazole ribonucleotide biosynthesis II	0.9999999994
PWY-6122: 5-aminoimidazole ribonucleotide biosynthesis II|g__Bacillus.s__Bacillus_subtilis_group	0.7808516131
PWY-6122: 5-aminoimidazole ribonucleotide biosynthesis II|g__Enterobacter.s__Enterobacter_cloacae_complex	0.0478916261
PWY-6122: 5-aminoimidazole ribonucleotide biosynthesis II|g__Faecalibacterium.s__Faecalibacterium_prausnitzii	0.9213033146
PWY-6122: 5-aminoimidazole ribonucleotide biosynthesis II|g__Roseburia.s__Roseburia_intestinalis	0.3150722082
PWY-6122: 5-aminoimidazole ribonucleotide biosynthesis II|unclassified	0.5856261152
PWY-6123: inosine-5'-phosphate biosynthesis I	0.6521829401
PWY-6123: inosine-5'-phosphate biosynthesis I|g__Enterobacter.s__Enterobacter_cloacae_complex	0.0179673505
PWY-6123: inosine-5'-phosphate biosynthesis I|g__Faecalibacterium.s__Faecalibacterium_prausnitzii	0.0000000000
PWY-6123: inosine-5'-phosphate biosynthesis I|unclassified	0.9999998333
PWY-6124: inosine-5'-phosphate biosynthesis II	0.6097734609
PWY-6124: inosine-5'-phosphate biosynthesis II|g__Enterobacter.s__Enterobacter_cloacae_complex	0.0150425370
PWY-6124: inosine-5'-phosphate biosynthesis II|g__Faecalibacterium.s__Faecalibacterium_prausnitzii	0.0000000000
PWY-6124: inosine-5'-phosphate biosynthesis II|unclassified	0.9999998000
PWY-6125: superpathway of guanosine nucleotides de novo biosynthesis II	0.0000000000
PWY-6125: superpathway of guanosine nucleotides de novo biosynthesis II|g__Enterobacter.s__Enterobacter_cloacae_complex	0.0000000000
PWY-6126: superpathway of adenosine nucleotides de novo biosynthesis II	0.0000000001
PWY-6126: superpathway of adenosine nucleotides de novo biosynthesis II|g__Enterobacter.s__Enterobacter_cloacae_complex	0.4767295540
PWY-6126: superpathway of adenosine nucleotides de novo biosynthesis II|unclassified	0.0000000000
PWY-6147: 6-hydroxymethyl-dihydropterin diphosphate biosynthesis I	0.0000000000
PWY-6147: 6-hydroxymethyl-dihydropterin diphosphate biosynthesis I|g__Enterobacter.s__Enterobacter_cloacae_complex	0.0424042203
PWY-6151: S-adenosyl-L-methionine salvage I	0.9979849272
PWY-6151: S-adenosyl-L-methionine salvage I|g__Enterobacter.s__Enterobacter_cloacae_complex	0.2248093755
PWY-6151: S-adenosyl-L-methionine salvage I|g__Faecalibacterium.s__Faecalibacterium_prausnitzii	0.0000000001
PWY-6151: S-adenosyl-L-methionine salvage I|g__Roseburia.s__Roseburia_intestinalis	0.3363662189
PWY-6151: S-adenosyl-L-methionine salvage I|unclassified	0.9999997044
PWY-6163: chorismate biosynthesis from 3-dehydroquinate	0.9999999834
PWY-6163: chorismate biosynthesis from 3-dehydroquinate|g__Bacillus.s__Bacillus_subtilis_group	0.0000000017
PWY-6163: chorismate biosynthesis from 3-dehydroquinate|g__Enterobacter.s__Enterobacter_cloacae_complex	0.0000213264
PWY-6163: chorismate biosynthesis from 3-dehydroquinate|g__Faecalibacterium.s__Faecalibacterium_prausnitzii	0.5876800822
PWY-6163: chorismate biosynthesis from 3-dehydroquinate|g__Roseburia.s__Roseburia_intestinalis	0.9929497156
PWY-6163: chorismate biosynthesis from 3-dehydroquinate|unclassified	0.0000000000
PWY-6168: flavin biosynthesis III (fungi)	0.0000029597
PWY-621: sucrose degradation III (sucrose invertase)	0.0000057216
PWY-621: sucrose degradation III (sucrose invertase)|g__Bacillus.s__Bacillus_subtilis_group	0.6646716127
PWY-621: sucrose degradation III (sucrose invertase)|g__Enterobacter.s__Enterobacter_cloacae_complex	0.0000000039
PWY-621: sucrose degradation III (sucrose invertase)|unclassified	0.0000000000
PWY-6270: isoprene biosynthesis I	0.0000000000
PWY-6270: isoprene biosynthesis I|g__Enterobacter.s__Enterobacter_cloacae_complex	0
PWY-6277: superpathway of 5-aminoimidazole ribonucleotide biosynthesis	0.9999999994
PWY-6277: superpathway of 5-aminoimidazole ribonucleotide biosynthesis|g__Bacillus.s__Bacillus_subtilis_group	0.7808516131
PWY-6277: superpathway of 5-aminoimidazole ribonucleotide biosynthesis|g__Enterobacter.s__Enterobacter_cloacae_complex	0.0478916261
PWY-6277: superpathway of 5-aminoimidazole ribonucleotide biosynthesis|g__Faecalibacterium.s__Faecalibacterium_prausnitzii	0.9213033146
PWY-6277: superpathway of 5-aminoimidazole ribonucleotide biosynthesis|g__Roseburia.s__Roseburia_intestinalis	0.3150722082
PWY-6277: superpathway of 5-aminoimidazole ribonucleotide biosynthesis|unclassified	0.5856261152
PWY-6282: palmitoleate biosynthesis I (from (5Z)-dodec-5-enoate)	0.0000000001
PWY-6282: palmitoleate biosynthesis I (from (5Z)-dodec-5-enoate)|g__Enterobacter.s__Enterobacter_cloacae_complex	0.6817649849
PWY-6282: palmitoleate biosynthesis I (from (5Z)-dodec-5-enoate)|unclassified	0.0011421435
PWY-6292: superpathway of L-cysteine biosynthesis (mammalian)	0.0000000000
PWY-6292: superpathway of L-cysteine biosynthesis (mammalian)|unclassified	0.0006163125
PWY-6293: superpathway of L-cysteine biosynthesis (fungi)	0.0000000000
PWY-6293: superpathway of L-cysteine biosynthesis (fungi)|unclassified	0.0000000000
PWY-6305: superpathway of putrescine biosynthesis	0.0000011134
PWY-6305: superpathway of putrescine biosynthesis|g__Enterobacter.s__Enterobacter_cloacae_complex	0.0000000136
PWY-6305: superpathway of putrescine biosynthesis|unclassified	0.0000091820
PWY-6317: D-galactose degradation I (Leloir pathway)	0.9992121489
PWY-6317: D-galactose degradation I (Leloir pathway)|g__Bacillus.s__Bacillus_subtilis_group	0.0748968219
PWY-6317: D-galactose degradation I (Leloir pathway)|g__Enterobacter.s__Enterobacter_cloacae_complex	0.0000000000
PWY-6317: D-galactose degradation I (Leloir pathway)|g__Faecalibacterium.s__Faecalibacterium_prausnitzii	0.0000000044
PWY-6317: D-galactose degradation I (Leloir pathway)|g__Roseburia.s__Roseburia_intestinalis	0.8648683245
PWY-6317: D-galactose degradation I (Leloir pathway)|unclassified	0
PWY-6353: purine nucleotides degradation II (aerobic)	0.0000002749
PWY-6353: purine nucleotides degradation II (aerobic)|g__Roseburia.s__Roseburia_intestinalis	0.2450185161
PWY-6353: purine nucleotides degradation II (aerobic)|unclassified	0.0014622702
PWY-6385: peptidoglycan biosynthesis III (mycobacteria)	0.9953228926
PWY-6385: peptidoglycan biosynthesis III (mycobacteria)|g__Enterobacter.s__Enterobacter_cloacae_complex	0.0000000001
PWY-6385: peptidoglycan biosynthesis III (mycobacteria)|unclassified	0.0047818923
PWY-6386: UDP-N-acetylmuramoyl-pentapeptide biosynthesis II (lysine-containing)	0.9951294642
PWY-6386: UDP-N-acetylmuramoyl-pentapeptide biosynthesis II (lysine-containing)|g__Bacillus.s__Bacillus_subtilis_group	0.0000018935
PWY-6386: UDP-N-acetylmuramoyl-pentapeptide biosynthesis II (lysine-containing)|g__Enterobacter.s__Enterobacter_cloacae_complex	0.0000000000
PWY-6386: UDP-N-acetylmuramoyl-pentapeptide biosynthesis II (lysine-containing)|unclassified	0.0000000000
PWY-6387: UDP-N-acetylmuramoyl-pentapeptide biosynthesis I (meso-diaminopimelate containing)	0.9999965848
PWY-6387: UDP-N-acetylmuramoyl-pentapeptide biosynthesis I (meso-diaminopimelate containing)|g__Bacillus.s__Bacillus_subtilis_group	0.0000015779
PWY-6387: UDP-N-acetylmuramoyl-pentapeptide biosynthesis I (meso-diaminopimelate containing)|g__Enterobacter.s__Enterobacter_cloacae_complex	0.0000000001
PWY-6387: UDP-N-acetylmuramoyl-pentapeptide biosynthesis I (meso-diaminopimelate containing)|g__Roseburia.s__Roseburia_intestinalis	0.0000061044
PWY-6387: UDP-N-acetylmuramoyl-pentapeptide biosynthesis I (meso-diaminopimelate containing)|unclassified	0.0038291760
PWY-6507: 4-deoxy-L-threo-hex-4-enopyranuronate degradation	0.0000009014
PWY-6507: 4-deoxy-L-threo-hex-4-enopyranuronate degradation|g__Bacillus.s__Bacillus_subtilis_group	0.7583402967
PWY-6507: 4-deoxy-L-threo-hex-4-enopyranuronate degradation|g__Enterobacter.s__Enterobacter_cloacae_complex	0.0000000000
PWY-6519: 8-amino-7-oxononanoate biosynthesis I	0.0000000000
PWY-6519: 8-amino-7-oxononanoate biosynthesis I|g__Enterobacter.s__Enterobacter_cloacae_complex	0.0000000000
PWY-6519: 8-amino-7-oxononanoate biosynthesis I|unclassified	0.0013937106
PWY-6527: stachyose degradation	0.7564203895
PWY-6527: stachyose degradation|g__Bacillus.s__Bacillus_subtilis_group	0.1782097739
PWY-6527: stachyose degradation|g__Enterobacter.s__Enterobacter_cloacae_complex	0.5425243093
PWY-6527: stachyose degradation|g__Roseburia.s__Roseburia_intestinalis	0.0000075837
PWY-6545: pyrimidine deoxyribonucleotides de novo biosynthesis III	0.0000000000
PWY-6545: pyrimidine deoxyribonucleotides de novo biosynthesis III|g__Enterobacter.s__Enterobacter_cloacae_complex	0.0000000000
PWY-6545: pyrimidine deoxyribonucleotides de novo biosynthesis III|unclassified	0.0000000016
PWY-6549: L-glutamine biosynthesis III	0.0000000000
PWY-6590: superpathway of Clostridium acetobutylicum acidogenic fermentation	0.0000000000
PWY-6606: guanosine nucleotides degradation II	0.0000001000
PWY-6606: guanosine nucleotides degradation II|g__Bacillus.s__Bacillus_subtilis_group	0.0000000000
PWY-6606: guanosine nucleotides degradation II|g__Roseburia.s__Roseburia_intestinalis	0.1757673427
PWY-6606: guanosine nucleotides degradation II|unclassified	0.0005645541
PWY-6608: guanosine nucleotides degradation III	0.4224752650
PWY-6608: guanosine nucleotides degradation III|g__Bacillus.s__Bacillus_subtilis_group	0.1251102493
PWY-6608: guanosine nucleotides degradation III|g__Enterobacter.s__Enterobacter_cloacae_complex	0.0000000000
PWY-6608: guanosine nucleotides degradation III|g__Roseburia.s__Roseburia_intestinalis	0.3586538883
PWY-6608: guanosine nucleotides degradation III|unclassified	0.0046435920
PWY-6609: adenine and adenosine salvage III	0.9999998576
PWY-6609: adenine and adenosine salvage III|g__Bacillus.s__Bacillus_subtilis_group	0.2894924446
PWY-6609: adenine and adenosine salvage III|g__Enterobacter.s__Enterobacter_cloacae_complex	0.0009137158
PWY-6609: adenine and adenosine salvage III|g__Roseburia.s__Roseburia_intestinalis	0.9975115693
PWY-6609: adenine and adenosine salvage III|unclassified	1.0000000000
PWY-6612: superpathway of tetrahydrofolate biosynthesis	0.0000000000
PWY-6628: superpathway of L-phenylalanine biosynthesis	0.7290258784
PWY-6629: superpathway of L-tryptophan biosynthesis	0.9564274695
PWY-6629: superpathway of L-tryptophan biosynthesis|g__Roseburia.s__Roseburia_intestinalis	0.0000252522
PWY-6630: superpathway of L-tyrosine biosynthesis	0.0000001386
PWY-6700: queuosine biosynthesis I (de novo)	0.9628788602
PWY-6700: queuosine biosynthesis I (de novo)|g__Enterobacter.s__Enterobacter_cloacae_complex	0.0000000000
PWY-6700: queuosine biosynthesis I (de novo)|g__Faecalibacterium.s__Faecalibacterium_prausnitzii	0.0000001164
PWY-6700: queuosine biosynthesis I (de novo)|g__Roseburia.s__Roseburia_intestinalis	0.6487191240
PWY-6700: queuosine biosynthesis I (de novo)|unclassified	0.9996310981
PWY-6703: preQ0 biosynthesis	0.0000000000
PWY-6703: preQ0 biosynthesis|g__Enterobacter.s__Enterobacter_cloacae_complex	0.0000350886
PWY-6703: preQ0 biosynthesis|unclassified	0.0000000000
PWY-6803: phosphatidylcholine acyl editing	0.0000000000
PWY-6803: phosphatidylcholine acyl editing|g__Enterobacter.s__Enterobacter_cloacae_complex	0.2029514212
PWY-6803: phosphatidylcholine acyl editing|unclassified	0.0000000000
PWY-6823: molybdopterin biosynthesis	0.5360407185
PWY-6823: molybdopterin biosynthesis|g__Bacillus.s__Bacillus_subtilis_group	0.2997546478
PWY-6823: molybdopterin biosynthesis|g__Faecalibacterium.s__Faecalibacterium_prausnitzii	0.0000000000
PWY-6823: molybdopterin biosynthesis|g__Roseburia.s__Roseburia_intestinalis	0.4497927489
PWY-6823: molybdopterin biosynthesis|unclassified	0.0000476974
PWY-6891: thiazole component of thiamine diphosphate biosynthesis II	0.0000000000
PWY-6892: thiazole component of thiamine diphosphate biosynthesis I	0.0000000000
PWY-6892: thiazole component of thiamine diphosphate biosynthesis I|g__Roseburia.s__Roseburia_intestinalis	0.3207856618
PWY-6892: thiazole component of thiamine diphosphate biosynthesis I|unclassified	0.0000002741
PWY-6895: superpathway of thiamine diphosphate biosynthesis II	0.0000000000
PWY-6897: thiamine diphosphate salvage II	0.0000000000
PWY-6897: thiamine diphosphate salvage II|g__Bacillus.s__Bacillus_subtilis_group	0.1557279131
PWY-6897: thiamine diphosphate salvage II|unclassified	0.0000000005
PWY-6901: superpathway of glucose and xylose degradation	0.0000000005
PWY-6901: superpathway of glucose and xylose degradation|g__Enterobacter.s__Enterobacter_cloacae_complex	0.0000000060
PWY-6902: chitin degradation II (Vibrio)	0.1049208219
PWY-6902: chitin degradation II (Vibrio)|g__Enterobacter.s__Enterobacter_cloacae_complex	0.0020361669
PWY-6902: chitin degradation II (Vibrio)|unclassified	0.0000000000
PWY-6922: L-N&delta;-acetylornithine biosynthesis	0.0000000623
PWY-6922: L-N&delta;-acetylornithine biosynthesis|g__Bacillus.s__Bacillus_subtilis_group	0.8160516104
PWY-6936: seleno-amino acid biosynthesis (plants)	1.0000000000
PWY-6936: seleno-amino acid biosynthesis (plants)|g__Enterobacter.s__Enterobacter_cloacae_complex	0.0000001087
PWY-6936: seleno-amino acid biosynthesis (plants)|unclassified	0.9692916860
PWY-6969: TCA cycle V (2-oxoglutarate synthase)	0.0205651144
PWY-6969: TCA cycle V (2-oxoglutarate synthase)|g__Enterobacter.s__Enterobacter_cloacae_complex	0.0000000297
PWY-6992: 1,5-anhydrofructose degradation	0.0000000000
PWY-7009: 2,2'-dihydroxybiphenyl degradation	0.0000000000
PWY-702: L-methionine biosynthesis II	0.8611543213
PWY-702: L-methionine biosynthesis II|g__Enterobacter.s__Enterobacter_cloacae_complex	0.4596574677
PWY-702: L-methionine biosynthesis II|unclassified	0
PWY-7094: fatty acid salvage	0.0000000000
PWY-7094: fatty acid salvage|g__Enterobacter.s__Enterobacter_cloacae_complex	0.0010809503
PWY-7111: pyruvate fermentation to isobutanol (engineered)	1.0000000000
PWY-7111: pyruvate fermentation to isobutanol (engineered)|g__Enterobacter.s__Enterobacter_cloacae_complex	0.9870476527
PWY-7111: pyruvate fermentation to isobutanol (engineered)|g__Roseburia.s__Roseburia_intestinalis	0.7449460893
PWY-7111: pyruvate fermentation to isobutanol (engineered)|unclassified	0.0000030719
PWY-7115: C4 photosynthetic carbon assimilation cycle, NAD-ME type	0.0000000000
PWY-7115: C4 photosynthetic carbon assimilation cycle, NAD-ME type|g__Enterobacter.s__Enterobacter_cloacae_complex	0.0000479741
PWY-7115: C4 photosynthetic carbon assimilation cycle, NAD-ME type|unclassified	0.0000000000
PWY-7117: C4 photosynthetic carbon assimilation cycle, PEPCK type	0.0000000000
PWY-7117: C4 photosynthetic carbon assimilation cycle, PEPCK type|g__Enterobacter.s__Enterobacter_cloacae_complex	0.9141458362
PWY-7117: C4 photosynthetic carbon assimilation cycle, PEPCK type|unclassified	0.0000000026
PWY-7118: chitin deacetylation	0.0000000000
PWY-7118: chitin deacetylation|g__Enterobacter.s__Enterobacter_cloacae_complex	0.0000000000
PWY-7184: pyrimidine deoxyribonucleotides de novo biosynthesis I	0.0000000000
PWY-7184: pyrimidine deoxyribonucleotides de novo biosynthesis I|g__Enterobacter.s__Enterobacter_cloacae_complex	0.0000000000
PWY-7184: pyrimidine deoxyribonucleotides de novo biosynthesis I|unclassified	0.0000000000
PWY-7185: UTP and CTP dephosphorylation I	0.0000000000
PWY-7185: UTP and CTP dephosphorylation I|g__Bacillus.s__Bacillus_subtilis_group	0.1664792298
PWY-7185: UTP and CTP dephosphorylation I|g__Enterobacter.s__Enterobacter_cloacae_complex	0.0000000000
PWY-7185: UTP and CTP dephosphorylation I|unclassified	0.0000000000
PWY-7187: pyrimidine deoxyribonucleotides de novo biosynthesis II	0.0000000000
PWY-7187: pyrimidine deoxyribonucleotides de novo biosynthesis II|g__Enterobacter.s__Enterobacter_cloacae_complex	0.0000000000
PWY-7197: pyrimidine deoxyribonucleotide phosphorylation	0.0000000000
PWY-7197: pyrimidine deoxyribonucleotide phosphorylation|g__Enterobacter.s__Enterobacter_cloacae_complex	0.0000000000
PWY-7197: pyrimidine deoxyribonucleotide phosphorylation|unclassified	0.0002117671
PWY-7198: pyrimidine deoxyribonucleotides de novo biosynthesis IV	0.0000000000
PWY-7198: pyrimidine deoxyribonucleotides de novo biosynthesis IV|g__Enterobacter.s__Enterobacter_cloacae_complex	0.0000000000
PWY-7198: pyrimidine deoxyribonucleotides de novo biosynthesis IV|unclassified	0
PWY-7199: pyrimidine deoxyribonucleosides salvage	0.0000000000
PWY-7199: pyrimidine deoxyribonucleosides salvage|g__Enterobacter.s__Enterobacter_cloacae_complex	0.0000000000
PWY-7199: pyrimidine deoxyribonucleosides salvage|unclassified	0.0000000001
PWY-7200: superpathway of pyrimidine deoxyribonucleoside salvage	0.0000000000
PWY-7200: superpathway of pyrimidine deoxyribonucleoside salvage|unclassified	0
PWY-7208: superpathway of pyrimidine nucleobases salvage	0.0000000000
PWY-7208: superpathway of pyrimidine nucleobases salvage|g__Enterobacter.s__Enterobacter_cloacae_complex	0.0000000016
PWY-7208: superpathway of pyrimidine nucleobases salvage|g__Roseburia.s__Roseburia_intestinalis	0.0003593744
PWY-7210: pyrimidine deoxyribonucleotides biosynthesis from CTP	0.0000000000
PWY-7210: pyrimidine deoxyribonucleotides biosynthesis from CTP|g__Enterobacter.s__Enterobacter_cloacae_complex	0.0000000000
PWY-7210: pyrimidine deoxyribonucleotides biosynthesis from CTP|unclassified	0.0000000000
PWY-7211: superpathway of pyrimidine deoxyribonucleotides de novo biosynthesis	0.0000000000
PWY-7211: superpathway of pyrimidine deoxyribonucleotides de novo biosynthesis|g__Enterobacter.s__Enterobacter_cloacae_complex	0
PWY-7220: adenosine deoxyribonucleotides de novo biosynthesis II	0.0000000000
PWY-7220: adenosine deoxyribonucleotides de novo biosynthesis II|g__Enterobacter.s__Enterobacter_cloacae_complex	0.9193791899
PWY-7220: adenosine deoxyribonucleotides de novo biosynthesis II|unclassified	0.9201525773
PWY-7221: guanosine ribonucleotides de novo biosynthesis	0.9999575510
PWY-7221: guanosine ribonucleotides de novo biosynthesis|g__Enterobacter.s__Enterobacter_cloacae_complex	0.8259250737
PWY-7221: guanosine ribonucleotides de novo biosynthesis|g__Faecalibacterium.s__Faecalibacterium_prausnitzii	0.0000000000
PWY-7221: guanosine ribonucleotides de novo biosynthesis|g__Roseburia.s__Roseburia_intestinalis	0.2332274806
PWY-7221: guanosine ribonucleotides de novo biosynthesis|unclassified	0.9388210065
PWY-7222: guanosine deoxyribonucleotides de novo biosynthesis II	0.0000000000
PWY-7222: guanosine deoxyribonucleotides de novo biosynthesis II|g__Enterobacter.s__Enterobacter_cloacae_complex	0.9193791899
PWY-7222: guanosine deoxyribonucleotides de novo biosynthesis II|unclassified	0.9201525773
PWY-7228: superpathway of guanosine nucleotides de novo biosynthesis I	0.0000000001
PWY-7228: superpathway of guanosine nucleotides de novo biosynthesis I|g__Enterobacter.s__Enterobacter_cloacae_complex	0.8602656143
PWY-7228: superpathway of guanosine nucleotides de novo biosynthesis I|unclassified	0.9388455554
PWY-7229: superpathway of adenosine nucleotides de novo biosynthesis I	0.0000000001
PWY-7229: superpathway of adenosine nucleotides de novo biosynthesis I|g__Enterobacter.s__Enterobacter_cloacae_complex	0.4427442490
PWY-7229: superpathway of adenosine nucleotides de novo biosynthesis I|unclassified	0.0000000000
PWY-7234: inosine-5'-phosphate biosynthesis III	0.0000000789
PWY-7234: inosine-5'-phosphate biosynthesis III|g__Enterobacter.s__Enterobacter_cloacae_complex	0.0000002612
PWY-7234: inosine-5'-phosphate biosynthesis III|unclassified	0.0000000000
PWY-7237: myo-, chiro- and scyllo-inositol degradation	1.0000000000
PWY-7237: myo-, chiro- and scyllo-inositol degradation|g__Bacillus.s__Bacillus_subtilis_group	0.0740053293
PWY-7237: myo-, chiro- and scyllo-inositol degradation|g__Enterobacter.s__Enterobacter_cloacae_complex	0.9988304612
PWY-7237: myo-, chiro- and scyllo-inositol degradation|unclassified	0.9998585290
PWY-7238: sucrose biosynthesis II	1.0000000000
PWY-7238: sucrose biosynthesis II|g__Enterobacter.s__Enterobacter_cloacae_complex	0.6191040090
PWY-7238: sucrose biosynthesis II|g__Faecalibacterium.s__Faecalibacterium_prausnitzii	0.9995796614
PWY-7238: sucrose biosynthesis II|g__Roseburia.s__Roseburia_intestinalis	0.9999999981
PWY-7238: sucrose biosynthesis II|unclassified	0.9784852021
PWY-724: superpathway of L-lysine, L-threonine and L-methionine biosynthesis II	0.5587388004
PWY-724: superpathway of L-lysine, L-threonine and L-methionine biosynthesis II|g__Roseburia.s__Roseburia_intestinalis	0.0100118013
PWY-7242: D-fructuronate degradation	0.0000000000
PWY-7242: D-fructuronate degradation|g__Bacillus.s__Bacillus_subtilis_group	0.4380579343
PWY-7269: mitochondrial NADPH production (yeast)	0.0000000000
PWY-7269: mitochondrial NADPH production (yeast)|g__Enterobacter.s__Enterobacter_cloacae_complex	0.0000000000
PWY-7279: aerobic respiration II (cytochrome c) (yeast)	0.0000000000
PWY-7282: 4-amino-2-methyl-5-diphosphomethylpyrimidine biosynthesis II	0.0000000000
PWY-7282: 4-amino-2-methyl-5-diphosphomethylpyrimidine biosynthesis II|unclassified	0.0000000005
PWY-7315: dTDP-N-acetylthomosamine biosynthesis	0.0000000000
PWY-7315: dTDP-N-acetylthomosamine biosynthesis|unclassified	0.0000000000
PWY-7323: superpathway of GDP-mannose-derived O-antigen building blocks biosynthesis	0.0000000000
PWY-7323: superpathway of GDP-mannose-derived O-antigen building blocks biosynthesis|g__Enterobacter.s__Enterobacter_cloacae_complex	0.0000000000
PWY-7345: superpathway of anaerobic sucrose degradation	0.0000000000
PWY-7345: superpathway of anaerobic sucrose degradation|g__Enterobacter.s__Enterobacter_cloacae_complex	0.0000000213
PWY-7356: thiamine diphosphate salvage IV (yeast)	0.0000000000
PWY-7356: thiamine diphosphate salvage IV (yeast)|unclassified	0.0000000000
PWY-7357: thiamine phosphate formation from pyrithiamine and oxythiamine (yeast)	0.9238944312
PWY-7357: thiamine phosphate formation from pyrithiamine and oxythiamine (yeast)|g__Bacillus.s__Bacillus_subtilis_group	0.2485431408
PWY-7357: thiamine phosphate formation from pyrithiamine and oxythiamine (yeast)|g__Faecalibacterium.s__Faecalibacterium_prausnitzii	0.9997066610
PWY-7357: thiamine phosphate formation from pyrithiamine and oxythiamine (yeast)|g__Roseburia.s__Roseburia_intestinalis	0.0000752759
PWY-7357: thiamine phosphate formation from pyrithiamine and oxythiamine (yeast)|unclassified	0.0000000005
PWY-7400: L-arginine biosynthesis IV (archaebacteria)	0.0000000000
PWY-7400: L-arginine biosynthesis IV (archaebacteria)|g__Enterobacter.s__Enterobacter_cloacae_complex	0.0202133964
PWY-7446: sulfoquinovose degradation I	0.0000000000
PWY-7446: sulfoquinovose degradation I|g__Enterobacter.s__Enterobacter_cloacae_complex	0.0000000000
PWY-7456: &beta;-(1,4)-mannan degradation	0.0000000000
PWY-7528: L-methionine salvage cycle I (bacteria and plants)	0.0000000000
PWY-7560: methylerythritol phosphate pathway II	0.0000000000
PWY-7560: methylerythritol phosphate pathway II|g__Enterobacter.s__Enterobacter_cloacae_complex	0
PWY-7616: methanol oxidation to carbon dioxide	0.0000000000
PWY-7616: methanol oxidation to carbon dioxide|unclassified	0.0000000000
PWY-7626: bacilysin biosynthesis	0.0000000000
PWY-7663: gondoate biosynthesis (anaerobic)	0.0053413028
PWY-7663: gondoate biosynthesis (anaerobic)|g__Enterobacter.s__Enterobacter_cloacae_complex	0.8979139264
PWY-7663: gondoate biosynthesis (anaerobic)|unclassified	0.6818022738
PWY-7664: oleate biosynthesis IV (anaerobic)	0.0000000001
PWY-7664: oleate biosynthesis IV (anaerobic)|g__Enterobacter.s__Enterobacter_cloacae_complex	0.7033566543
PWY-7664: oleate biosynthesis IV (anaerobic)|unclassified	0.0013320895
PWY-7761: NAD salvage pathway II (PNC IV cycle)	0.0000000000
PWY-7790: UMP biosynthesis II	0.5091283428
PWY-7790: UMP biosynthesis II|g__Enterobacter.s__Enterobacter_cloacae_complex	0
PWY-7790: UMP biosynthesis II|g__Roseburia.s__Roseburia_intestinalis	0.0000146201
PWY-7790: UMP biosynthesis II|unclassified	0.0172499911
PWY-7791: UMP biosynthesis III	0.5091283428
PWY-7791: UMP biosynthesis III|g__Enterobacter.s__Enterobacter_cloacae_complex	0
PWY-7791: UMP biosynthesis III|g__Roseburia.s__Roseburia_intestinalis	0.0000146201
PWY-7791: UMP biosynthesis III|unclassified	0.0172499911
PWY-7815: poly(ribitol phosphate) wall teichoic acid biosynthesis I (B. subtilis)	0.0000000000
PWY-7819: poly(3-O-&beta;-D-glucopyranosyl-N-acetylgalactosamine 1-phosphate) wall teichoic acid biosynthesis	0.0000000000
PWY-7819: poly(3-O-&beta;-D-glucopyranosyl-N-acetylgalactosamine 1-phosphate) wall teichoic acid biosynthesis|g__Bacillus.s__Bacillus_subtilis_group	0.1408409471
PWY-7851: coenzyme A biosynthesis II (eukaryotic)	0.9999175423
PWY-7851: coenzyme A biosynthesis II (eukaryotic)|g__Enterobacter.s__Enterobacter_cloacae_complex	0.0000000000
PWY-7851: coenzyme A biosynthesis II (eukaryotic)|g__Faecalibacterium.s__Faecalibacterium_prausnitzii	0.0512963029
PWY-7851: coenzyme A biosynthesis II (eukaryotic)|g__Roseburia.s__Roseburia_intestinalis	0.4026195548
PWY-7858: (5Z)-dodecenoate biosynthesis II	0.0000000000
PWY-7858: (5Z)-dodecenoate biosynthesis II|g__Enterobacter.s__Enterobacter_cloacae_complex	0.3830034300
PWY-7883: anhydromuropeptides recycling II	0.0000000000
PWY-7883: anhydromuropeptides recycling II|g__Enterobacter.s__Enterobacter_cloacae_complex	0.0000046835
PWY-7942: 5-oxo-L-proline metabolism	0.0000000000
PWY-7953: UDP-N-acetylmuramoyl-pentapeptide biosynthesis III (meso-diaminopimelate containing)	0.9933328760
PWY-7953: UDP-N-acetylmuramoyl-pentapeptide biosynthesis III (meso-diaminopimelate containing)|g__Enterobacter.s__Enterobacter_cloacae_complex	0.0000000001
PWY-7953: UDP-N-acetylmuramoyl-pentapeptide biosynthesis III (meso-diaminopimelate containing)|g__Roseburia.s__Roseburia_intestinalis	0.0000053414
PWY-7953: UDP-N-acetylmuramoyl-pentapeptide biosynthesis III (meso-diaminopimelate containing)|unclassified	0.0000000000
PWY-7977: L-methionine biosynthesis IV	0.9809897227
PWY-7977: L-methionine biosynthesis IV|g__Enterobacter.s__Enterobacter_cloacae_complex	0.9997323617
PWY-7977: L-methionine biosynthesis IV|unclassified	0.9999997449
PWY-8004: Entner-Doudoroff pathway I	0.0000000000
PWY-8004: Entner-Doudoroff pathway I|g__Enterobacter.s__Enterobacter_cloacae_complex	0.0000342350
PWY-801: homocysteine and cysteine interconversion	0.0000000000
PWY-801: homocysteine and cysteine interconversion|unclassified	0.0009241659
PWY-8073: lipid IVA biosynthesis (P. putida)	0.0000000000
PWY-8073: lipid IVA biosynthesis (P. putida)|g__Enterobacter.s__Enterobacter_cloacae_complex	0.0034421758
PWY-8131: 5'-deoxyadenosine degradation II	0.0000000000
PWY-8131: 5'-deoxyadenosine degradation II|g__Enterobacter.s__Enterobacter_cloacae_complex	0.0000000092
PWY-8173: anteiso-branched-chain fatty acid biosynthesis	0.0000000000
PWY-8173: anteiso-branched-chain fatty acid biosynthesis|unclassified	0.0094089542
PWY-8174: odd iso-branched-chain fatty acid biosynthesis	0.0000000000
PWY-8174: odd iso-branched-chain fatty acid biosynthesis|unclassified	0.0094089542
PWY-8175: even iso-branched-chain fatty acid biosynthesis	0.0000000000
PWY-8175: even iso-branched-chain fatty acid biosynthesis|unclassified	0.0094089542
PWY-8178: pentose phosphate pathway (non-oxidative branch) II	0.0914648433
PWY-8178: pentose phosphate pathway (non-oxidative branch) II|g__Enterobacter.s__Enterobacter_cloacae_complex	0.0571908712
PWY-8178: pentose phosphate pathway (non-oxidative branch) II|g__Roseburia.s__Roseburia_intestinalis	0.0127598570
PWY-8178: pentose phosphate pathway (non-oxidative branch) II|unclassified	0.0194725490
PWY-8187: L-arginine degradation XIII (reductive Stickland reaction)	0.0002831061
PWY-8187: L-arginine degradation XIII (reductive Stickland reaction)|g__Enterobacter.s__Enterobacter_cloacae_complex	0.5566822092
PWY-8187: L-arginine degradation XIII (reductive Stickland reaction)|unclassified	0.0000000000
PWY-821: superpathway of sulfur amino acid biosynthesis (Saccharomyces cerevisiae)	0.0000000000
PWY-821: superpathway of sulfur amino acid biosynthesis (Saccharomyces cerevisiae)|unclassified	0.0000000000
PWY-822: fructan biosynthesis	0.0000000000
PWY-822: fructan biosynthesis|g__Bacillus.s__Bacillus_subtilis_group	0.1437641263
PWY-841: superpathway of purine nucleotides de novo biosynthesis I	0.0000000001
PWY-841: superpathway of purine nucleotides de novo biosynthesis I|g__Enterobacter.s__Enterobacter_cloacae_complex	0.0000000045
PWY-841: superpathway of purine nucleotides de novo biosynthesis I|unclassified	0.0000000000
PWY-I9: L-cysteine biosynthesis VI (from L-methionine)	0.8370750215
PWY-I9: L-cysteine biosynthesis VI (from L-methionine)|g__Enterobacter.s__Enterobacter_cloacae_complex	0.1423900204
PWY-I9: L-cysteine biosynthesis VI (from L-methionine)|g__Roseburia.s__Roseburia_intestinalis	0.3494457120
PWY-I9: L-cysteine biosynthesis VI (from L-methionine)|unclassified	0.0007702719
PWY0-1061: superpathway of L-alanine biosynthesis	0.0000000000
PWY0-1061: superpathway of L-alanine biosynthesis|g__Enterobacter.s__Enterobacter_cloacae_complex	0.0397999987
PWY0-1061: superpathway of L-alanine biosynthesis|unclassified	0.0000000000
PWY0-1241: ADP-L-glycero-&beta;-D-manno-heptose biosynthesis	0.0000000000
PWY0-1241: ADP-L-glycero-&beta;-D-manno-heptose biosynthesis|g__Enterobacter.s__Enterobacter_cloacae_complex	0.0008621417
PWY0-1261: anhydromuropeptides recycling I	0.0000000000
PWY0-1261: anhydromuropeptides recycling I|g__Enterobacter.s__Enterobacter_cloacae_complex	0.0000046835
PWY0-1261: anhydromuropeptides recycling I|unclassified	0.0000000000
PWY0-1296: purine ribonucleosides degradation	0.9999395849
PWY0-1296: purine ribonucleosides degradation|g__Enterobacter.s__Enterobacter_cloacae_complex	0.8202118737
PWY0-1296: purine ribonucleosides degradation|g__Faecalibacterium.s__Faecalibacterium_prausnitzii	0.0000000000
PWY0-1296: purine ribonucleosides degradation|g__Roseburia.s__Roseburia_intestinalis	0.0728637120
PWY0-1296: purine ribonucleosides degradation|unclassified	1.0000000000
PWY0-1297: superpathway of purine deoxyribonucleosides degradation	0.0000000000
PWY0-1297: superpathway of purine deoxyribonucleosides degradation|g__Enterobacter.s__Enterobacter_cloacae_complex	0.0020446608
PWY0-1298: superpathway of pyrimidine deoxyribonucleosides degradation	0.5610820698
PWY0-1298: superpathway of pyrimidine deoxyribonucleosides degradation|g__Enterobacter.s__Enterobacter_cloacae_complex	0.1409055855
PWY0-1319: CDP-diacylglycerol biosynthesis II	0.9382021598
PWY0-1319: CDP-diacylglycerol biosynthesis II|g__Enterobacter.s__Enterobacter_cloacae_complex	0.0134046976
PWY0-1319: CDP-diacylglycerol biosynthesis II|g__Roseburia.s__Roseburia_intestinalis	0.0000000000
PWY0-1319: CDP-diacylglycerol biosynthesis II|unclassified	0.5526214505
PWY0-1337: oleate &beta;-oxidation	0.0000000000
PWY0-1337: oleate &beta;-oxidation|g__Enterobacter.s__Enterobacter_cloacae_complex	0.0011330890
PWY0-1477: ethanolamine utilization	0.0000000000
PWY0-1477: ethanolamine utilization|g__Enterobacter.s__Enterobacter_cloacae_complex	0.0013712824
PWY0-1479: tRNA processing	0.0000000000
PWY0-1479: tRNA processing|g__Enterobacter.s__Enterobacter_cloacae_complex	0.2355092791
PWY0-1479: tRNA processing|unclassified	0.0000000000
PWY0-1586: peptidoglycan maturation (meso-diaminopimelate containing)	1.0000000000
PWY0-1586: peptidoglycan maturation (meso-diaminopimelate containing)|g__Bacillus.s__Bacillus_subtilis_group	1.0000000000
PWY0-1586: peptidoglycan maturation (meso-diaminopimelate containing)|g__Enterobacter.s__Enterobacter_cloacae_complex	1.0000000000
PWY0-1586: peptidoglycan maturation (meso-diaminopimelate containing)|unclassified	0.9999997896
PWY0-162: superpathway of pyrimidine ribonucleotides de novo biosynthesis	0.0000000000
PWY0-162: superpathway of pyrimidine ribonucleotides de novo biosynthesis|g__Enterobacter.s__Enterobacter_cloacae_complex	0
PWY0-166: superpathway of pyrimidine deoxyribonucleotides de novo biosynthesis (E. coli)	0.0000000000
PWY0-166: superpathway of pyrimidine deoxyribonucleotides de novo biosynthesis (E. coli)|g__Enterobacter.s__Enterobacter_cloacae_complex	0.0000000000
PWY0-166: superpathway of pyrimidine deoxyribonucleotides de novo biosynthesis (E. coli)|unclassified	0
PWY0-301: L-ascorbate degradation I (bacterial, anaerobic)	0.0000000000
PWY0-301: L-ascorbate degradation I (bacterial, anaerobic)|g__Enterobacter.s__Enterobacter_cloacae_complex	0.2258528481
PWY0-781: aspartate superpathway	0.0000000000
PWY0-845: superpathway of pyridoxal 5'-phosphate biosynthesis and salvage	0.0000000000
PWY0-845: superpathway of pyridoxal 5'-phosphate biosynthesis and salvage|unclassified	0.0011285202
PWY0-862: (5Z)-dodecenoate biosynthesis I	0.0000000001
PWY0-862: (5Z)-dodecenoate biosynthesis I|g__Enterobacter.s__Enterobacter_cloacae_complex	0.6702205753
PWY0-862: (5Z)-dodecenoate biosynthesis I|unclassified	0.0011420086
PWY1ZNC-1: assimilatory sulfate reduction IV	0.9129432975
PWY1ZNC-1: assimilatory sulfate reduction IV|g__Bacillus.s__Bacillus_subtilis_group	0.9987808401
PWY1ZNC-1: assimilatory sulfate reduction IV|g__Enterobacter.s__Enterobacter_cloacae_complex	0.0284383536
PWY1ZNC-1: assimilatory sulfate reduction IV|unclassified	0.0000000000
PWY3O-4107: NAD salvage pathway V (PNC V cycle)	0.0000000000
PWY4FS-7: phosphatidylglycerol biosynthesis I (plastidic)	0.0000000000
PWY4FS-7: phosphatidylglycerol biosynthesis I (plastidic)|g__Enterobacter.s__Enterobacter_cloacae_complex	0.0000000421
PWY4FS-7: phosphatidylglycerol biosynthesis I (plastidic)|g__Roseburia.s__Roseburia_intestinalis	0.0000000000
PWY4FS-7: phosphatidylglycerol biosynthesis I (plastidic)|unclassified	0.0000000000
PWY4FS-8: phosphatidylglycerol biosynthesis II (non-plastidic)	0.0000000000
PWY4FS-8: phosphatidylglycerol biosynthesis II (non-plastidic)|g__Enterobacter.s__Enterobacter_cloacae_complex	0.0000000421
PWY4FS-8: phosphatidylglycerol biosynthesis II (non-plastidic)|g__Roseburia.s__Roseburia_intestinalis	0.0000000000
PWY4FS-8: phosphatidylglycerol biosynthesis II (non-plastidic)|unclassified	0.0000000000
PWY4LZ-257: superpathway of fermentation (Chlamydomonas reinhardtii)	0.0000000000
PWY66-389: phytol degradation	0.5922815895
PWY66-389: phytol degradation|unclassified	0.0148197073
PWY66-409: superpathway of purine nucleotide salvage	0.0000000000
PWY66-409: superpathway of purine nucleotide salvage|g__Enterobacter.s__Enterobacter_cloacae_complex	0.0000000000
PWY66-429: fatty acid biosynthesis initiation (mitochondria)	1.0000000000
PWY66-429: fatty acid biosynthesis initiation (mitochondria)|g__Enterobacter.s__Enterobacter_cloacae_complex	0.7071249793
PWY66-429: fatty acid biosynthesis initiation (mitochondria)|unclassified	0.1390625615
PYRIDNUCSAL-PWY: NAD salvage pathway I (PNC VI cycle)	0.0000000000
PYRIDNUCSYN-PWY: NAD de novo biosynthesis I (from aspartate)	0.0000000179
PYRIDNUCSYN-PWY: NAD de novo biosynthesis I (from aspartate)|g__Bacillus.s__Bacillus_subtilis_group	0.0421446639
PYRIDNUCSYN-PWY: NAD de novo biosynthesis I (from aspartate)|g__Enterobacter.s__Enterobacter_cloacae_complex	0.0000000000
PYRIDNUCSYN-PWY: NAD de novo biosynthesis I (from aspartate)|g__Roseburia.s__Roseburia_intestinalis	0
PYRIDNUCSYN-PWY: NAD de novo biosynthesis I (from aspartate)|unclassified	0.0000000600
PYRIDOXSYN-PWY: pyridoxal 5'-phosphate biosynthesis I	0.0000000000
PYRIDOXSYN-PWY: pyridoxal 5'-phosphate biosynthesis I|unclassified	0.0009137563
REDCITCYC: TCA cycle VI (Helicobacter)	0.0000000000
RHAMCAT-PWY: L-rhamnose degradation I	0.0705760318
RHAMCAT-PWY: L-rhamnose degradation I|g__Bacillus.s__Bacillus_subtilis_group	0.2512741968
RHAMCAT-PWY: L-rhamnose degradation I|g__Enterobacter.s__Enterobacter_cloacae_complex	0.1250976667
RHAMCAT-PWY: L-rhamnose degradation I|g__Roseburia.s__Roseburia_intestinalis	0.0041703111
RHAMCAT-PWY: L-rhamnose degradation I|unclassified	0.0000000000
RIBOSYN2-PWY: flavin biosynthesis I (bacteria and plants)	0.0000029597
RIBOSYN2-PWY: flavin biosynthesis I (bacteria and plants)|g__Enterobacter.s__Enterobacter_cloacae_complex	0.0000000000
RUMP-PWY: formaldehyde oxidation I	0.0000000000
RUMP-PWY: formaldehyde oxidation I|g__Bacillus.s__Bacillus_subtilis_group	0.1787522594
SALVADEHYPOX-PWY: adenosine nucleotides degradation II	0.3787300685
SALVADEHYPOX-PWY: adenosine nucleotides degradation II|g__Bacillus.s__Bacillus_subtilis_group	0.1516446366
SALVADEHYPOX-PWY: adenosine nucleotides degradation II|g__Roseburia.s__Roseburia_intestinalis	0.1781859563
SALVADEHYPOX-PWY: adenosine nucleotides degradation II|unclassified	0.0038742681
SER-GLYSYN-PWY: superpathway of L-serine and glycine biosynthesis I	0.9999339820
SER-GLYSYN-PWY: superpathway of L-serine and glycine biosynthesis I|g__Bacillus.s__Bacillus_subtilis_group	0.6362860153
SER-GLYSYN-PWY: superpathway of L-serine and glycine biosynthesis I|g__Enterobacter.s__Enterobacter_cloacae_complex	0.0000000172
SER-GLYSYN-PWY: superpathway of L-serine and glycine biosynthesis I|g__Roseburia.s__Roseburia_intestinalis	0.3188756242
SER-GLYSYN-PWY: superpathway of L-serine and glycine biosynthesis I|unclassified	0.0000000000
SO4ASSIM-PWY: assimilatory sulfate reduction I	0.9986844141
SO4ASSIM-PWY: assimilatory sulfate reduction I|g__Bacillus.s__Bacillus_subtilis_group	0.9987808401
SO4ASSIM-PWY: assimilatory sulfate reduction I|g__Enterobacter.s__Enterobacter_cloacae_complex	0.9465603750
SO4ASSIM-PWY: assimilatory sulfate reduction I|unclassified	0.0000000000
SULFATE-CYS-PWY: superpathway of sulfate assimilation and cysteine biosynthesis	0.9994002130
SULFATE-CYS-PWY: superpathway of sulfate assimilation and cysteine biosynthesis|g__Bacillus.s__Bacillus_subtilis_group	0.6912896400
SULFATE-CYS-PWY: superpathway of sulfate assimilation and cysteine biosynthesis|g__Enterobacter.s__Enterobacter_cloacae_complex	0.0000002446
SULFATE-CYS-PWY: superpathway of sulfate assimilation and cysteine biosynthesis|unclassified	0.0000000000
TCA-GLYOX-BYPASS: superpathway of glyoxylate bypass and TCA	0.0000000000
TCA-GLYOX-BYPASS: superpathway of glyoxylate bypass and TCA|g__Enterobacter.s__Enterobacter_cloacae_complex	0.0000000371
TCA: TCA cycle I (prokaryotic)	0.0000000000
TCA: TCA cycle I (prokaryotic)|g__Enterobacter.s__Enterobacter_cloacae_complex	0.0000000297
TEICHOICACID-PWY: poly(glycerol phosphate) wall teichoic acid biosynthesis	0.0000000000
THISYN-PWY: superpathway of thiamine diphosphate biosynthesis I	0.0000000000
THISYN-PWY: superpathway of thiamine diphosphate biosynthesis I|unclassified	0.0000000012
THISYNARA-PWY: superpathway of thiamine diphosphate biosynthesis III (eukaryotes)	0.9959734804
THISYNARA-PWY: superpathway of thiamine diphosphate biosynthesis III (eukaryotes)|g__Bacillus.s__Bacillus_subtilis_group	0.2858264307
THISYNARA-PWY: superpathway of thiamine diphosphate biosynthesis III (eukaryotes)|g__Faecalibacterium.s__Faecalibacterium_prausnitzii	0.0011068706
THISYNARA-PWY: superpathway of thiamine diphosphate biosynthesis III (eukaryotes)|g__Roseburia.s__Roseburia_intestinalis	0.4675605430
THRESYN-PWY: superpathway of L-threonine biosynthesis	0.9866615819
THRESYN-PWY: superpathway of L-threonine biosynthesis|g__Enterobacter.s__Enterobacter_cloacae_complex	0.4596109607
THRESYN-PWY: superpathway of L-threonine biosynthesis|unclassified	0.0000000000
TRNA-CHARGING-PWY: tRNA charging	0.5444243752
TRNA-CHARGING-PWY: tRNA charging|g__Enterobacter.s__Enterobacter_cloacae_complex	0.0000531959
TRNA-CHARGING-PWY: tRNA charging|g__Roseburia.s__Roseburia_intestinalis	0.0000000000
TRNA-CHARGING-PWY: tRNA charging|unclassified	0.0000000000
TRPSYN-PWY: L-tryptophan biosynthesis	0.9030821470
TRPSYN-PWY: L-tryptophan biosynthesis|g__Bacillus.s__Bacillus_subtilis_group	0.4457493527
TRPSYN-PWY: L-tryptophan biosynthesis|g__Enterobacter.s__Enterobacter_cloacae_complex	0.0000000093
TRPSYN-PWY: L-tryptophan biosynthesis|g__Roseburia.s__Roseburia_intestinalis	0.3574316265
UDPNAGSYN-PWY: UDP-N-acetyl-D-glucosamine biosynthesis I	0.0000000000
UDPNAGSYN-PWY: UDP-N-acetyl-D-glucosamine biosynthesis I|g__Enterobacter.s__Enterobacter_cloacae_complex	0.7312349911
UDPNAGSYN-PWY: UDP-N-acetyl-D-glucosamine biosynthesis I|unclassified	0.0000000004
UNINTEGRATED	1.0000000000
UNINTEGRATED|g__Bacillus.s__Bacillus_subtilis_group	1.0000000000
UNINTEGRATED|g__Enterobacter.s__Enterobacter_cloacae_complex	1.0000000000
UNINTEGRATED|g__Faecalibacterium.s__Faecalibacterium_prausnitzii	1.0000000000
UNINTEGRATED|g__Roseburia.s__Roseburia_intestinalis	1.0000000000
UNINTEGRATED|unclassified	1.0000000000
UNMAPPED	1.0000000000
URSIN-PWY: ureide biosynthesis	0.0000000000
VALSYN-PWY: L-valine biosynthesis	1.0000000000
VALSYN-PWY: L-valine biosynthesis|g__Bacillus.s__Bacillus_subtilis_group	0.2227326185
VALSYN-PWY: L-valine biosynthesis|g__Enterobacter.s__Enterobacter_cloacae_complex	0.9997242094
VALSYN-PWY: L-valine biosynthesis|g__Roseburia.s__Roseburia_intestinalis	0.7002929858
VALSYN-PWY: L-valine biosynthesis|unclassified	0.0001982140
